{"cameraMode":{"drawMode":0,"name":"Shaded","section":"Shading Mode"},"sceneLighting":false,"audioPlay":false,"sceneViewState":{"showFog":false,"showMaterialUpdate":false,"showSkybox":false,"showFlares":false,"showImageEffects":false,"showParticleSystems":false},"in2DMode":false,"pivot":{"x":371.1150207519531,"y":181.20985412597657,"z":-0.8182174563407898},"rotation":{"x":0.016676945611834527,"y":0.12298213690519333,"z":-0.002115717390552163,"w":0.9922863841056824},"size":106.1779556274414,"orthographic":false}