{"cameraMode":{"drawMode":0,"name":"Shaded","section":"Shading Mode"},"sceneLighting":true,"audioPlay":false,"sceneViewState":{"showFog":false,"showMaterialUpdate":false,"showSkybox":false,"showFlares":false,"showImageEffects":false,"showParticleSystems":false},"in2DMode":false,"pivot":{"x":-3.1850194931030275,"y":2.417933464050293,"z":5.8787617683410648},"rotation":{"x":0.3176243007183075,"y":-0.1468512862920761,"z":0.04979771375656128,"w":0.9354726672172546},"size":23.18797492980957,"orthographic":false}